{"cameraMode":{"drawMode":0,"name":"Shaded","section":"Shading Mode"},"sceneLighting":false,"audioPlay":false,"sceneViewState":{"m_AlwaysRefresh":false,"showFog":true,"showSkybox":false,"showFlares":true,"showImageEffects":true,"showParticleSystems":true,"showVisualEffectGraphs":true,"m_FxEnabled":true},"in2DMode":false,"pivot":{"x":-0.6250404119491577,"y":-0.005536574870347977,"z":0.0004940427024848759},"rotation":{"x":0.00034416720154695213,"y":0.999584436416626,"z":0.013495159335434437,"w":-0.025494879111647607},"size":1.194535493850708,"orthographic":true}