{"cameraMode":{"drawMode":0,"name":"Shaded","section":"Shading Mode"},"sceneLighting":false,"audioPlay":false,"sceneViewState":{"m_AlwaysRefresh":false,"showFog":true,"showSkybox":false,"showFlares":true,"showImageEffects":true,"showParticleSystems":true,"showVisualEffectGraphs":true,"m_FxEnabled":true},"in2DMode":false,"pivot":{"x":1.15876305103302,"y":55.42342758178711,"z":-0.13917019963264466},"rotation":{"x":-0.0012952651595696807,"y":0.9982550740242004,"z":-0.05395825579762459,"w":-0.023962751030921937},"size":0.6616315245628357,"orthographic":true}