{"cameraMode":{"drawMode":0,"name":"Shaded","section":"Shading Mode"},"sceneLighting":false,"audioPlay":false,"sceneViewState":{"m_AlwaysRefresh":false,"showFog":true,"showSkybox":false,"showFlares":true,"showImageEffects":true,"showParticleSystems":true,"showVisualEffectGraphs":true,"m_FxEnabled":true},"in2DMode":false,"pivot":{"x":-0.19683194160461427,"y":28.044185638427736,"z":0.07561886310577393},"rotation":{"x":0.01850699819624424,"y":0.9814752340316773,"z":-0.13781073689460755,"w":0.1318107694387436},"size":2.0009799003601076,"orthographic":false}